class,GLCM_pan,Mean_Green,Mean_Red,Mean_NIR,SD_pan
0.0,127.1477468034149,235.72407279357293,119.20403449986377,538.4019361913557,25.211795539090584
0.0,127.11140168900384,235.56180035149077,118.8940137954975,537.8287558959796,25.179877871309234
0.0,126.58002664168104,233.13919000817478,116.47790580451954,531.9146766482799,24.751884631173393
0.0,126.36363008338941,232.1508227138612,115.42771887267551,529.5008505041607,24.578283290049136
0.0,126.90402282875178,234.5837603299695,118.14660565406314,535.7185900017131,25.011366439125972
0.0,127.28336080552198,236.1916317526637,119.77307011815944,539.6794584531751,25.306615871927132
0.0,126.83218078709102,234.28451794033714,117.6053071186334,534.6758218605556,24.94914650165661
0.0,127.04840824779365,235.28746322965088,118.67341397237067,537.1786721550953,25.138113543769403
0.0,126.45455007745261,232.67225557779113,115.96295093897844,530.5060839385762,24.651073398436644
0.0,126.86856740355246,234.48483502802884,117.78349361966954,535.2053675103324,24.986863641310325
0.0,127.25391964690111,236.16499628515413,119.61709629587676,539.4245889371872,25.284555341735448
0.0,126.7469955851763,233.9603685995084,117.33524018773913,533.8310891779283,24.874849105478948
0.0,126.50932180801064,232.8667609893097,116.14671533254925,531.1107270234694,24.692859665857824
0.0,127.12622642480477,235.6402980137194,118.98903049298178,538.0161101845199,25.205498013970114
0.0,126.64144540356905,233.577097801881,116.83494848616101,532.8529200360337,24.811455909786826
0.0,126.98870476753527,234.92200274644642,118.45717215519413,536.5301999278557,25.079904465228424
0.0,127.12873976620591,235.6767493953254,118.95002691645173,538.1507089839746,25.20725597259389
0.0,127.12503285947975,235.64316936324502,119.08386082911348,538.094106293833,25.173502244312072
0.0,127.26093070145555,236.2472932910007,119.71359167118048,539.5965581625175,25.314481093840506
0.0,126.93106658434947,234.54336802906144,118.09894023255477,535.7246410915631,25.027604370862424
0.0,127.2800174103205,236.2760742355837,119.54493623025414,539.5736303521402,25.305065563002813
0.0,126.81652769249526,234.32018080988973,117.68927421630931,534.8368045556432,24.94649051498284
0.0,127.1270560692453,235.5049969277402,119.14445993204156,538.256562984336,25.217818364593832
0.0,127.300581959324,236.3115915119168,119.71072071121718,539.835267074354,25.332793882206573
0.0,127.09704758907682,235.44836778580697,118.99940656838723,537.8409530398765,25.174575514601273
0.0,126.7928065794748,234.12846544938995,117.48628405678325,534.3917605662657,24.938982467161228
0.0,126.57609916676411,233.2496984871077,116.44303977795867,531.8367176613347,24.761751047077365
0.0,126.9042453669867,234.54666999047993,117.92570887407228,535.4477839107473,25.0278312230842
0.0,127.0343145135079,235.08006379289967,118.62137686182726,536.8746549261934,25.099091619379926
0.0,126.52331308720768,232.8152298168736,116.16228125499093,531.3367061285953,24.713872864031252
0.0,126.79541186373228,234.12320884382956,117.54349977670549,534.4393001468361,24.918422694056698
0.0,127.07727811919361,235.54861717687936,118.90272912889802,537.7430343053628,25.18145561533752
0.0,126.67110038873605,233.59389316520424,116.93181935471188,533.0578344276062,24.83907827166641
0.0,126.77976888799971,234.05565047781414,117.55901763872554,534.2777507960691,24.917962471725495
0.0,126.61107522841012,233.37276176416452,116.61686493708584,532.4092333512175,24.77153245106725
0.0,127.28130730312937,236.29945719696974,119.74948590805593,539.7286332164967,25.297512010431966
0.0,127.15142899504164,235.71965146757313,119.11769830610973,538.3006580264339,25.213691124334563
0.0,127.31247196895384,236.41971663041264,119.88124044416948,540.0633221543785,25.323859593439213
0.0,127.32418109271096,236.54265389266192,120.06865234103384,540.3997221744263,25.35390763475209
0.0,126.91251681485761,234.3956673576288,118.02341135754241,535.5077978299499,25.0063578512779
0.0,127.25501621953259,236.26892505963252,119.71284803510365,539.6039906936622,25.316411516335336
0.0,126.79782269247848,234.02239807291633,117.66569430337292,534.5196323753931,24.943706969428813
0.0,126.93723447279665,234.6687285441768,118.24242111575495,535.9937769637445,25.045869762933407
0.0,126.69650117867572,233.47591572016083,117.22812416602552,533.2647693982957,24.861597007053014
0.0,126.46275339249763,232.68457322815644,116.0831968699862,530.8487964877858,24.65757670734143
0.0,127.32457111028432,236.51383424393504,120.05131937824291,540.1678846416619,25.348690577022083
0.0,126.99573654593085,234.91326330549705,118.37101836487561,536.5470353533458,25.078213536017852
0.0,127.07413802231525,235.2226738508859,118.82482838726558,537.3667271643008,25.13539884228232
0.0,126.44626923989071,232.48989647724082,116.04548832392328,530.632487615608,24.645074665793757
0.0,127.20219513971111,235.8947252486487,119.21646507348149,538.6696834279851,25.23211213577891
0.0,127.10608671454474,235.60757422594415,119.03192549358059,537.9640306678541,25.18631780061285
0.0,126.82124417009759,234.15728474446053,117.60083981763016,534.5842552955617,24.929360675808155
0.0,126.99204186882945,235.09185169444228,118.53233989854418,536.8716408201376,25.12162525133083
0.0,127.09477466981797,235.58487899871653,119.05388062501576,537.8247147377457,25.186786678432295
0.0,127.07696314239318,235.4863551108058,118.78587151415702,537.574961777579,25.16450156177293
0.0,127.2774255485879,236.2284608957673,119.81110230875578,539.6904069617678,25.325801088397526
0.0,127.24324968306,236.01820459525192,119.53965749970871,539.29300597041,25.29108571666208
0.0,126.74895359159721,233.83418282037846,117.34637344095198,533.8002752384809,24.897768241137097
0.0,127.08130245887915,235.52338614920947,118.94624416547755,537.6384764224041,25.15698655777866
0.0,126.68400152992636,233.6208160279574,116.86647934562728,533.0841040424611,24.834693576126565
0.0,126.80315774155963,234.10103634888392,117.34835149482302,534.3299517517988,24.927387737104002
0.0,126.88737014782185,234.4051369149058,117.73482639280766,535.1876847452126,24.97923150500558
0.0,127.00918404177023,235.09055295539306,118.42559035168094,536.6811512742478,25.092177265772843
0.0,127.00718252807539,235.2157253253647,118.64500019876814,536.9208345762986,25.103017996949763
0.0,126.81708662216646,234.0910025825158,117.64980383173103,534.5910971781786,24.95256298203071
0.0,126.73559129377144,233.90347052318967,117.05706407844447,533.5123464193581,24.86180015600111
0.0,127.16510785593715,235.77937762003444,119.13714886761947,538.4876100121037,25.219120383776794
0.0,126.79076992159936,234.20515333923728,117.54899280018972,534.4462320296124,24.92307965942317
0.0,126.59287534643626,233.23084441981717,116.55555764970958,532.0678202287689,24.74971678635507
0.0,126.96667624545725,234.77653350471076,118.35764614624392,536.381179376249,25.079196258161222
0.0,126.77363738780322,234.1000529863636,117.5303533855138,534.2213263796243,24.914796785212392
0.0,126.83217087610588,234.36726892768385,117.68634824129866,534.8294026720347,24.959912098992195
0.0,126.98813397922164,234.96374063878832,118.49802713224881,536.7621390435338,25.115448682621647
0.0,126.37378123482219,232.25206222936208,115.20270947759306,529.5337181882513,24.579648483787643
0.0,126.2857940992259,231.87086432439216,114.93561136616178,528.6789083295092,24.5137090520899
0.0,126.98214508335798,235.06620035335058,118.38732939347761,536.5033427580037,25.07868667878619
0.0,126.69609190839809,233.60994013524302,116.86364649475124,533.0986565862116,24.847215619874476
0.0,126.65223827769765,233.52037003228295,116.91906977297785,532.7294908966423,24.815603049723524
0.0,126.75031223127172,233.85138169137684,117.00796447741291,533.5011553563791,24.858749523148504
0.0,126.70419797489966,233.63696253102108,117.21176692874165,533.2541612500178,24.843500136851034
0.0,126.78210795724782,234.1716184619914,117.58495748798912,534.3834055874446,24.92266278117298
0.0,126.71279188318029,233.85945443364363,117.18470829647187,533.5310085387298,24.860997899634114
0.0,126.87819138268173,234.62319447697723,117.90105082452449,535.506221136511,25.009548268855855
0.0,126.43060769585232,232.32012539021272,115.79705902883764,530.2597721355812,24.616069363477248
0.0,127.22974940538818,236.00057859233857,119.30520202665025,538.9795654154718,25.264750149328172
0.0,126.642874363586,233.29117139186826,116.89574819894315,532.6246440923088,24.800205343676765
0.0,126.94142689306788,234.91713349354205,118.26236788698262,536.0662070200376,25.039147003953726
0.0,126.62277294126211,233.4326446570914,116.55985668269545,532.5047969736478,24.798287152153176
0.0,126.39590278392046,232.43770473144903,115.57623948477142,529.9807169652623,24.624227370031537
0.0,127.18800882614241,235.8107239024326,119.37766854813786,538.7210130152656,25.248865962295486
0.0,127.49257545270218,237.23836087836787,120.6065821236155,542.1013297913942,25.480507229576435
0.0,126.42823537891093,232.54533971062608,115.83410648966557,530.3951430227338,24.64178140758505
0.0,126.97233663006128,234.9153696257466,118.27627691225311,536.2938140417149,25.07712095043124
0.0,126.72029700945863,233.91670008335944,117.01531396190147,533.581416937329,24.878157701100037
0.0,126.79601617477783,234.21658673571963,117.38921189987826,534.4402073426869,24.933968727541956
0.0,126.9095359845362,234.7144535291853,118.06533446333245,535.7845200464981,25.03164451799456
0.0,126.92411680584385,234.62110892342477,117.9934675662818,535.7211174882024,25.033374744198223
0.0,127.04007694384082,235.31541791998168,118.60986068013736,537.1239730654463,25.1336396123757
0.0,127.15342426599913,235.79263344979307,119.243639905956,538.5422754326283,25.217530234488493
0.0,127.01012833254676,235.0873030521798,118.5674867675924,536.7896354950932,25.09073259635199
0.0,126.99519964493524,235.10091276456362,118.48105038199468,536.6389019908135,25.103228640315272
0.0,126.81993582411535,234.250307042029,117.60366859750577,534.7259856544052,24.946578997294047
0.0,126.45774523322744,232.60377561178905,115.92766056716539,530.6035517370397,24.654191137594562
0.0,126.946638836776,234.71628224339722,118.15839493203127,535.7943387689178,25.037853422398033
0.0,126.91992444953509,234.71896041171362,118.07229564788506,535.75737280419,25.022922031100464
0.0,126.73829905550451,233.9638802366652,117.2718284193121,533.8842557468785,24.888589832743676
0.0,126.46162501772474,232.64275317438637,115.74402180919088,530.6480292258578,24.643292040181883
0.0,126.76324126010012,234.06708234650134,117.37062580399952,534.1390591116701,24.91806217772133
0.0,126.98322256958761,234.88477105761277,118.42325088343921,536.3807431164838,25.077577607531726
0.0,127.33855427903983,236.65159541961896,120.05367513048631,540.573378309218,25.387710676505538
0.0,126.56281272843093,233.1326306743223,116.21700726131216,531.6569702927369,24.764322360162325
0.0,126.54650769633247,233.11818542774535,116.42702084363684,531.8442120630924,24.734640909661312
0.0,126.98722110681169,234.85108345743666,118.56957111980776,536.5925479519103,25.08916330020325
0.0,126.91308120692396,234.45989846872826,118.24822873710502,535.7718336931019,25.045320650762825
0.0,126.79117302589464,234.21567605663904,117.41441060089859,534.3183820190847,24.921089560963686
0.0,126.5729968844996,233.06581000702525,116.53886055456769,531.8531467551701,24.754384690905372
0.0,126.85377246147131,234.11611183925356,117.87924909064682,534.9348838659806,24.97692626936952
0.0,127.28460254738143,236.31978502073187,119.72162533817723,539.7611610438706,25.2967016701414
0.0,126.72372465602912,233.7523356511804,117.36564038338022,533.7828677975896,24.88682288286946
0.0,127.01237139412338,234.97024700907556,118.52865496466343,536.7233628597736,25.1119340571615
0.0,127.2489644485583,236.09724321013434,119.67313519983365,539.2827671033616,25.290097273745914
0.0,126.5473143910378,233.0017183779647,116.41345084223472,531.6910120796257,24.73042226006461
0.0,126.88243833096092,234.57808841876027,117.92696477770205,535.4536649283538,25.00902380316881
0.0,127.03216609080583,235.17491474809503,118.54564833816927,536.8678946264547,25.096450970118536
0.0,126.63047138771785,233.43800738782988,116.92093013535758,532.7538710836917,24.796045695957243
0.0,126.86941200881535,234.5137321982134,118.00045668242062,535.465495884552,25.010009898312628
0.0,126.87156295803507,234.4833016309613,117.80947508360408,535.3785452270109,25.012103844689474
0.0,127.32957190107766,236.53068480593126,119.99283086286624,540.304726898326,25.351211735948368
0.0,126.44452301321681,232.64612360366164,115.86923085512812,530.4701693426163,24.65706862479943
0.0,127.00221796562657,235.15650006337322,118.50102033530808,536.9656349433862,25.09650091923159
0.0,126.85498419213857,234.4461651746921,117.71948765480613,535.1295659372788,24.976683618382715
0.0,126.90582466439942,234.74060904267714,118.12496726907736,535.7133702802415,25.022504342920076
0.0,127.19507949372137,235.9593349134358,119.48623579668892,538.9267854659113,25.269349363595747
0.0,126.64552986797891,233.38014457960392,116.79291263627599,532.6428382252404,24.781284595047154
0.0,127.2196569970903,235.9338793564636,119.44921615436385,538.9892603966654,25.27905466490374
0.0,127.16278345968028,235.7924711639969,119.17111797362932,538.4531270733547,25.219492049467753
0.0,126.7299557266068,233.66928682865657,117.07935800758132,533.2605157216999,24.848734608080328
0.0,127.19690946006449,235.9221286878547,119.31714136621721,538.8814927238511,25.250173087114387
0.0,126.82507045318462,234.22646342211212,117.59213709302261,534.5020177398903,24.948660164202618
0.0,126.83820559468496,234.3606548195459,117.80623117476891,534.9902344675745,24.982599604865616
0.0,126.69555945919058,233.62838998754583,116.87646850636774,533.191541570806,24.848403177466167
0.0,127.01602408625772,234.85923582895265,118.54978368301323,536.5692161120407,25.094433772317288
0.0,126.7663057021658,234.0495584512306,117.36965173233637,534.0892786278516,24.915438039758495
0.0,126.70741078431693,233.5320255814974,117.09023919801812,533.1609056892278,24.862813050607475
0.0,127.29393062971587,236.4219069228105,119.8740926720976,540.1078292835368,25.33885113486943
0.0,126.99691336588053,234.9780282395396,118.38482244880191,536.4401696965172,25.079381619401776
0.0,126.97062168103652,235.00798558638962,118.42855132598687,536.5486172266501,25.09914097386068
0.0,126.87561076555184,234.51356985583226,117.6111500785288,535.168929172438,24.98564073897987
0.0,126.95366647040336,234.75987872683402,118.1436286219222,536.0828939560562,25.05483698202735
0.0,126.51891643476121,232.73826164734714,116.20537256827667,531.259711172134,24.701832954302123
0.0,126.39371163428666,232.2976752892295,115.42045824342532,529.6321471394956,24.577551523240185
0.0,126.93020280953353,234.788528846884,118.00554554602975,535.8387348187429,25.044055601305164
0.0,126.76748409559231,233.89632593062396,117.184421757411,533.8662072257154,24.88853627739078
0.0,126.71573624209978,233.91429294307375,117.21148990281719,533.7856949248971,24.877846821183148
0.0,126.98025730773206,234.89995145658284,118.38608570284912,536.3528187504977,25.08327713760579
0.0,126.88074219969562,234.50082091455405,118.02902029145528,535.4652330063886,24.996597536230038
0.0,127.21492648612147,235.93487276282244,119.47946640148946,539.0221456347439,25.273093004508965
0.0,126.99358350513826,234.96707994631052,118.4201302354501,536.391540257902,25.079601448811065
0.0,127.08162917918955,235.47424037427066,118.99578767517997,537.5952579286208,25.157985929626378
0.0,126.49923878940375,232.78190894411898,116.01790492132322,531.0569715326133,24.68957284608159
0.0,126.67277589850016,233.59001488550342,116.9108489530451,532.9207716669546,24.81435819725944
0.0,126.54597992917796,233.0327380517104,116.19789651525421,531.5995114859717,24.715674968977034
0.0,126.70929798428061,233.55045362028054,116.94731790775076,533.4132468554157,24.8660100962851
0.0,126.76613359194432,233.94196791957546,117.47858014082058,534.0856373624121,24.905671711747825
0.0,126.93657315199921,234.91107991646987,118.13785990124282,536.135802538938,25.061528461297687
0.0,127.18499777994892,235.84006662295153,119.34209999129607,538.786936585219,25.241745096992137
0.0,127.08844839749595,235.3765353845614,118.9440121264136,537.6315489281247,25.15695971730699
0.0,126.91527659087346,234.59863301967897,118.03199229138737,535.4693291287487,25.02263089707679
0.0,126.85701974026512,234.43637008387776,117.7326858947115,535.1061079101355,24.970545690520634
0.0,126.45192789750797,232.49636821750462,115.77849741550308,530.3140136704633,24.632225953616214
0.0,127.13483047753358,235.6145613424392,119.1695323189655,538.2276498396209,25.217892611612864
0.0,127.06487111368966,235.40202534521703,118.67585985204006,537.4187963212361,25.14780865431008
0.0,126.46952011040646,232.66113719003513,115.89653007928216,530.6886618157823,24.665597579385008
0.0,126.97687576531187,234.85674903112525,118.31220778813234,536.291677922825,25.0603364490899
0.0,126.6049076597753,233.2457083954358,116.64822272249255,532.2988504219745,24.770486369827278
0.0,126.5004749025656,232.8130452961463,116.19831243579719,531.1379785825089,24.685586656704373
0.0,126.91547813662484,234.7562978013378,118.03722126526098,535.8136729038679,25.02164191078973
0.0,127.07521049388703,235.37424459719352,118.65940339825636,537.3978503848713,25.130907338478973
0.0,126.79425923119165,233.97785260235014,117.46268783157434,534.1113258971016,24.936497514165307
0.0,126.82566923467441,234.2076085060465,117.56308666018764,534.581867017952,24.939793094515665
0.0,127.17721352143985,235.78698739793143,119.4197113526486,538.6595516114858,25.228588980420962
0.0,126.51312662848999,232.93436796184497,116.14900346095233,531.2152777121707,24.711484964253458
0.0,126.76459340758365,233.94507169201174,117.5373487212366,534.0091125146967,24.903421127177193
0.0,127.5035779702312,237.28580717924763,120.81691601451493,542.1893771415243,25.481954400553853
0.0,127.07412510189577,235.41011779321204,118.93261400373588,537.5931385004079,25.150701560945574
0.0,127.11523803018972,235.5577273627856,118.81867065987933,537.7933558333046,25.177213426503634
0.0,127.52879688927608,237.37033657673626,120.86190124766304,542.5238295322246,25.519130606794157
0.0,127.38935532163438,236.76506940552684,120.22291204597273,540.960136404035,25.40185738897189
0.0,126.79124128024922,234.19745953260696,117.38663702038305,534.3427088966871,24.926882263767514
0.0,127.05579041261451,235.22590202545703,118.46648999665689,537.040320543241,25.12459652640232
0.0,126.43840942890893,232.42513629633876,115.84536280582863,530.3535274094861,24.644007157286484
0.0,127.04013082582779,235.1280740199455,118.61156484614676,537.157971686791,25.131525551023522
0.0,126.74268276834276,234.00314171452828,117.17662632875137,533.8255224774251,24.90067990688376
0.0,126.87451237638615,234.53766177075383,117.8248321976492,535.3425716381408,25.003256454255904
0.0,127.27437208248253,236.1941950534187,119.55639496560478,539.5036267749633,25.306883210406596
0.0,126.962159727337,234.90194324878098,118.4008297355392,536.3848219726261,25.08105786734595
0.0,126.95122342375969,234.68033639223148,118.25482816803691,535.9987991309096,25.038489453406967
0.0,126.73973620271796,233.83200530204562,117.31565645645522,533.7020146688297,24.877726192844854
0.0,127.03512118262823,235.05672270441778,118.5975103956946,536.9939662165676,25.111322324058545
0.0,127.23815975416474,236.19051408563254,119.61774268027688,539.4816675993945,25.29431342178605
0.0,126.76384835990947,233.95443090852774,117.38577676710666,534.1498908574662,24.90240479933823
0.0,127.29500131033842,236.4573567498169,119.96740384657232,540.1781108468174,25.335817402902062
0.0,127.1386442527591,235.63534773108694,119.18635889453743,538.2266469601474,25.212082869518007
0.0,126.98936731641219,235.04687861098853,118.4389163192245,536.457376345686,25.07699624168511
0.0,126.87832855020439,234.4591651836403,117.9573517425918,535.3526057566254,24.99323543395439
0.0,126.65934342104937,233.59983340251014,116.73559102793656,532.8532840654551,24.820666333490752
0.0,126.94907671525189,234.83212453813073,118.17486710439992,535.9724058467708,25.040786825543496
0.0,126.79288229505183,234.20263802256707,117.36875857180658,534.2644949452617,24.92252534678305
0.0,127.23325106933204,236.12284362472096,119.44053926930064,539.2325598202264,25.26643369689642
0.0,126.91533730405251,234.6543511996066,117.86870090239027,535.5811091827674,25.022959841512808
0.0,127.41971963783082,236.76390533879106,120.4053851408268,541.1430604689043,25.40717717455756
0.0,127.15019382852438,235.71039846111267,119.06357005835027,538.1374640684385,25.212833705569626
0.0,126.44958863637245,232.53583275066038,116.00551867637675,530.5918981912275,24.653450820383252
0.0,126.84020674379369,234.19335140461328,117.75494510726143,534.7664029921501,24.95609917829009
0.0,126.82316021713642,234.33499170877306,117.80641516137125,534.8242707205027,24.958389348199212
0.0,127.15661655625517,235.8099878446794,119.20516103614683,538.4326499147983,25.21229099082239
0.0,126.82051331249798,234.36982294849793,117.55185465694376,534.8095986081952,24.959867481065263
0.0,127.03659851106701,235.20270138095913,118.72612189331673,537.0105452387261,25.109182426958238
0.0,126.96168955199289,234.84226185505915,118.11693846466444,536.1355910277722,25.0564549560063
0.0,126.97417097143753,234.98122155774726,118.41543207479799,536.3514855107271,25.05856184076177
0.0,127.16515940969013,235.8406564650502,119.24306770423021,538.4566954249962,25.21845814793761
0.0,127.16156205788715,235.77787019548447,119.08128071951354,538.3191225195565,25.202821348445557
0.0,127.08987440244667,235.4402795251024,118.9267473528797,537.6553529990463,25.153046319124904
0.0,126.99150358624443,234.80634373054616,118.39548281573674,536.237251351644,25.07193050762272
0.0,127.192798387266,235.92417502799825,119.31153469397124,538.7653791369801,25.255059816350443
0.0,127.25194182490617,236.18205870141142,119.79568113299572,539.7298027149702,25.320825779453596
0.0,127.08164174141919,235.43658192132457,118.84502767360267,537.5789724321618,25.140745837421775
0.0,126.72975208288632,233.89044007150846,117.22152662923966,533.6509607295192,24.877174881559995
0.0,127.10116406030801,235.5803469924457,118.93259783281754,537.8326934569077,25.18277856967829
0.0,127.28505883007648,236.32287908883964,119.86081781822598,539.8655571999243,25.351629495894727
0.0,127.24399180125292,236.07232430535552,119.65955253309689,539.4207339663333,25.296502529835173
0.0,126.38126059701654,232.12008879439392,115.58138828255343,529.6230179146995,24.598391949974133
0.0,126.61300272473157,233.29694436389752,116.64687499518664,532.2936499811126,24.780542442677547
0.0,126.85002358257056,234.29890926140374,117.8378454897438,535.0398660662373,24.98678426815079
0.0,126.75901444720732,234.00961317186704,117.24137617706145,533.9072201760256,24.893358394188876
0.0,126.71334308618478,233.70749175129453,117.22569123439914,533.3568881225405,24.85134233726741
0.0,126.94701580600494,234.84342592179493,118.2994586587317,536.1381893057537,25.057330541813176
0.0,127.33991314897922,236.62824640923628,120.17749709611357,540.6093870060639,25.373224695556196
0.0,126.82803743882882,234.25111909344477,117.61059319959627,534.7488572056901,24.953394672696465
0.0,126.66786346546657,233.54689883705694,117.0201291920865,532.9266597349332,24.824945461293098
0.0,126.56569779413825,233.11770479470752,116.42542744276388,531.7855739736638,24.72884828887573
0.0,126.44986157703583,232.61169932329727,115.74710366959266,530.5784489587829,24.670497534063557
0.0,126.66587755861508,233.40754926368004,116.96535399451018,532.8746007938433,24.848633705130684
0.0,126.59926235752232,233.2619043255019,116.70175547335717,532.0944491967782,24.780589685188414
0.0,126.64681794425356,233.55944483621246,116.88656758411956,532.8113753581633,24.819553684190215
0.0,126.70137824046192,233.633694350851,117.10054461046835,533.3243310145393,24.85797996130563
0.0,127.2887410217032,236.34088670103097,119.81789680845783,540.0362734733959,25.34396640795363
0.0,126.72404173079865,233.71449687596763,117.22065874283749,533.6183658156957,24.879767734687345
0.0,127.23575896113051,236.09800461797008,119.47899665327427,539.3912731947494,25.288029716740372
0.0,126.73354124535234,233.66919929165286,117.17025317052516,533.5780663558573,24.87071035190811
0.0,126.59933297209216,233.30374627766915,116.49464360966564,532.3209566481634,24.785819168683
0.0,126.97779436875939,234.96142472767795,118.22409443306968,536.3811828294924,25.070964086606146
0.0,126.83717276705374,234.44096025953436,117.66125663020607,534.8908317016565,24.969700666763433
0.0,126.93437822857952,234.6989623653643,118.28253234364945,535.9984210007436,25.030416171702896
0.0,127.0253654472015,235.19985855027633,118.48474187470944,536.8833087544645,25.10139569650823
0.0,127.10580343754577,235.58517346708584,119.12949267282839,537.9597607322368,25.182049755526272
0.0,126.82784067107414,234.28483543880373,117.65234057386814,534.7169303865745,24.957163867420086
0.0,126.83267047738553,234.22716954639736,117.70082132629409,534.8145397680225,24.953936351963318
0.0,126.6433506281575,233.40643844343452,116.66842036912114,532.6304615126803,24.804158407934057
0.0,126.99124942496303,235.13353130422837,118.43182814207546,536.8321852107141,25.107809564513538
0.0,126.67124085032603,233.6686939875526,116.85005319818005,533.152930135539,24.832964108591696
0.0,126.19805559855335,231.32522122629388,114.64502109446984,527.6464777246397,24.451958579383074
0.0,127.31424828357488,236.49659369808003,119.85385437200648,540.1373591199913,25.347865719501616
0.0,127.21847005827743,235.92860812367925,119.52729681159822,539.1795133953738,25.276135922520115
0.0,126.91153603988666,234.55533468263684,118.16176775587977,535.7855334295872,25.012383342374207
0.0,126.99270356060923,235.06088215501154,118.41340075867144,536.5066547063134,25.077237006252208
0.0,126.61132864772684,233.40438514333528,116.55449868072517,532.1923703773393,24.771832658359617
0.0,126.78994457863513,234.11163726676347,117.40021629461945,534.3584650396909,24.939112942815427
0.0,126.76701857031996,234.01922792626848,117.36351631063992,534.0760476691748,24.888104543585417
0.0,126.91622544857054,234.56186985469193,118.01169303937328,535.5833913450813,25.023749164627315
0.0,126.8415366003555,234.32711796182483,117.72133221378839,534.6786039518122,24.962122823975815
0.0,127.02169870890816,235.23772195411283,118.53210807768689,537.0352083039741,25.11796510499411
0.0,126.96522231449097,234.779893635515,118.44053488114174,536.1693369867991,25.069039548920614
0.0,126.94016221426574,234.60410976920377,118.24941418981085,535.9266207297383,25.048055139152247
0.0,127.05492413046964,235.33486743128645,118.61979041558001,537.2894665958584,25.143964089942656
0.0,127.14726439844601,235.7151717458475,119.09198405811948,538.3297127541335,25.22547708506322
0.0,127.09060477712961,235.34159900989607,118.8809133161439,537.6077687421378,25.152616584514334
0.0,126.75214477530248,234.03903491334628,117.36746775369404,534.010573956133,24.893704265140833
0.0,126.96839916420612,234.9331822460085,118.23553190875145,536.2782810645738,25.05726984830963
0.0,127.18693290059711,235.84031242821595,119.40888972886378,538.7185180468196,25.246827603786247
0.0,126.89153152070885,234.4385500778046,117.9794339231651,535.2987646541069,24.983581199258076
0.0,126.87091111007983,234.41346996234475,117.9576367691629,535.3796919916311,25.021155163244494
0.0,127.13905606874313,235.76594117093782,119.14723952066208,538.3901612064797,25.22647042856971
0.0,126.56631221765072,232.947436947915,116.23939765054232,531.7166443552228,24.74928217165874
0.0,126.65700597644808,233.55385941518435,116.90350509445297,532.967338655875,24.82308605634878
0.0,127.16334732725437,235.7275987184437,119.21092557274245,538.5167778335287,25.23212013255809
0.0,126.63648945046904,233.4077027788003,116.83923259214534,532.6174327126348,24.805693266670904
0.0,126.53162460117147,232.84043119400053,116.26960368208003,531.451282734328,24.715330389812486
0.0,126.22229507304671,231.50770379532648,114.59392506352367,527.879586051021,24.4725696420864
0.0,127.20353740499262,235.90583809107417,119.2198713700001,538.7723040413268,25.245186623688724
0.0,126.41721704985865,232.47803535470095,115.77452411909255,530.2263974002332,24.636755923977887
0.0,127.05842098443557,235.40417715981107,118.82147116891869,537.5010419344757,25.152961163678885
0.0,127.15431564701828,235.76728268825127,119.07820960202956,538.3461760926339,25.210268338807648
0.0,126.1578863981662,231.12136220017487,114.57063351311707,527.166316298987,24.403699780404683
0.0,126.89104155537571,234.66926417784006,117.97186480254969,535.5804064477103,25.019822633273265
0.0,126.55694772787682,232.9606338726828,116.23974368557808,531.498012025694,24.7202704104052
0.0,127.09533997015143,235.48698863652882,118.80395715969239,537.6399121083992,25.153701829467746
0.0,127.12948917612073,235.48095859881897,118.82367821656341,537.7278918325103,25.16695944362086
0.0,127.17427830915396,235.68483312922953,119.36523910535358,538.5881638591964,25.223936966906216
0.0,126.7992055163639,234.16739801276154,117.5612542011233,534.5632989994664,24.945337410181462
0.0,126.62705589401716,233.36968982079392,116.6242729139346,532.3775489785744,24.774438665163494
0.0,126.74352858889262,233.91556916129068,117.13723583048863,533.7142303379393,24.877919043376682
0.0,127.37481706095605,236.67457730648508,120.22072795424707,540.7251034699298,25.38967152777039
0.0,126.90414201642335,234.44650202523064,118.09761693125138,535.5751697477913,25.01572503235838
0.0,126.70024840734466,233.63889111776794,117.20767998356938,533.4045669119905,24.862079915119008
0.0,126.93780669386966,234.74317336196222,118.35411251787882,536.0833797123119,25.03804046501267
0.0,127.05943110538898,235.41694205806087,118.773631599059,537.3607884487504,25.14602467539711
0.0,126.73783476470788,233.92309802262963,117.32696585111334,533.6946668860365,24.882021826819614
0.0,127.1735184861486,235.91094568002225,119.30296071475199,538.5950058856985,25.247528736779557
0.0,126.91432023677457,234.49189010311565,118.08775029631524,535.5222451936581,24.98882724018648
0.0,126.68454074636348,233.5346723168432,116.9870159573734,533.1990094976968,24.841969199611672
0.0,126.85055790587852,234.3635889218428,117.70058023260252,534.9938173516158,24.964533314654805
0.0,127.34265278960868,236.5437034313463,120.11503528432635,540.4268721505521,25.35916894132691
0.0,127.05657118972591,235.22456243203376,118.60958667919238,537.1492510958119,25.133843550749432
0.0,126.83702639213317,234.44650032768047,117.61682884140723,534.978547252638,24.97572339999615
0.0,127.05432019680269,235.16055381317648,118.60490683804217,537.067487210044,25.12763985450471
0.0,126.81665472836224,234.03635385919458,117.63712210000402,534.5269600142658,24.942381041926552
0.0,126.67706235639872,233.3918938901727,116.94895877535781,532.8843695881171,24.817397691008736
0.0,126.65232178710197,233.52160058640038,116.81723290587222,532.7659065006835,24.81448792962327
0.0,126.88305477568754,234.5547340893871,117.87499478212392,535.2050197399325,24.977428241552044
0.0,127.06645129378451,235.13301015632655,118.93624646694454,537.3439648218424,25.142663034474108
0.0,126.38246651989128,232.25444151567876,115.43463075288969,529.6691972770343,24.595563858259144
0.0,127.18059391253553,235.81153759481356,119.35547616784483,538.6450767657145,25.23912961708061
0.0,126.94228896648205,234.7606015436959,117.96522454853024,535.8000150379603,25.025434854922295
0.0,126.8903923106931,234.54849310277626,117.81558429823532,535.4155157960635,25.004467679238296
0.0,126.9701697733746,234.9089821971412,118.17424401516888,536.2010098486305,25.055493015236525
0.0,126.78856138056925,234.21541570902815,117.47750087337573,534.335203919371,24.92634372682479
0.0,127.07663217497459,235.34973276494517,118.96615418461809,537.5284943571802,25.151868803642458
0.0,126.15320076326819,231.1583543080947,114.47735942997951,527.303194814708,24.428204085305637
0.0,126.89798170113293,234.74358699835338,118.0019299322395,535.693278158338,25.0335987360336
0.0,127.1278218535531,235.6694048879348,118.9809452599797,538.0164837103611,25.19026462123101
0.0,127.2662684977249,236.2078374719358,119.5924529471638,539.5218771669875,25.293198014621925
0.0,126.64530014036205,233.50475817264496,116.68450172544942,532.7208439748583,24.81836014439256
0.0,127.1622914603405,235.75420159299003,119.27817804735798,538.2498495911551,25.206468023285037
0.0,126.99698867529585,234.9745934165279,118.38807122022094,536.5828877909223,25.11096341220515
0.0,127.10881228343021,235.55586096295994,119.0644496206078,537.9333313329262,25.188998915627366
0.0,127.29587908014338,236.2668569908468,119.81529883168939,539.8946225751248,25.307664352200863
0.0,126.93318141396088,234.69730204812916,118.19620740168824,535.7912320008274,25.04672439307791
0.0,126.50965564094801,232.7956801501089,116.09552080600956,531.1424174392886,24.69860498261885
0.0,127.12038992592849,235.62709469484597,119.05045125949476,538.1670690129396,25.195046838714507
0.0,127.14375618474494,235.64455569588293,119.10176418429667,538.1321244906396,25.19055043432084
0.0,126.74007790303948,233.91079512680454,117.24102003520174,533.715366994628,24.87795650008533
0.0,126.91719678268052,234.7685551320871,118.12957123130306,535.8591984520955,25.032092583683564
0.0,126.88113496125905,234.3731553526494,117.98404455730817,535.0817209604842,24.972295057732932
0.0,126.99851451287392,235.0127624925648,118.52081286085314,536.684153006181,25.084883382975267
0.0,126.64130729579806,233.39463656539553,116.74870711279178,532.5554759122944,24.799530753838976
0.0,127.17553775582584,235.92930592996865,119.33803441887599,538.7060639240505,25.239478727753365
0.0,127.19288161523544,235.90138734087142,119.20365499215788,538.8625862155575,25.266216594593878
0.0,126.70534831438566,233.78536021655304,117.07967335462432,533.4679070241325,24.855935533446036
0.0,126.40136036910863,232.3264886004357,115.7031886572218,530.0491162230521,24.637565177526668
0.0,127.24268205449253,236.11784128388337,119.62759020412771,539.2127197851,25.270206782360685
0.0,127.15539886428546,235.78265502356044,119.053444123304,538.3711157051341,25.22250207816144
0.0,127.2505065581894,236.28392325488448,119.81904686607666,539.7742252396623,25.324860749183827
0.0,127.34266128382505,236.6239488912288,120.11953419212455,540.5235301634092,25.37950753941027
0.0,126.97387432628177,235.01231830027064,118.16576785304308,536.4221998805293,25.09372417093987
0.0,126.72793737798918,233.82014641461345,116.90772547797238,533.445559574495,24.860253004779338
0.0,126.30150819483183,231.77997250887063,115.0335686829499,528.5581144465822,24.52922366489695
0.0,127.16680027737905,235.87374035980122,119.35135314908548,538.666539825297,25.236165313560203
0.0,126.85786756284037,234.4336776561399,117.69139650798694,535.027504749388,24.96579404790216
0.0,127.23222690221964,236.1064570597709,119.59215191929937,539.3385438927604,25.28868844629945
0.0,126.61181102711073,233.29591966603058,116.51256064793358,532.3151362062038,24.78691607047991
0.0,126.582910197874,233.1129505225346,116.54965831776671,532.0356683732838,24.75752042281645
0.0,127.48097337653932,237.15318528011497,120.65850931714755,541.8601247600305,25.47412801428092
0.0,127.02674834144564,235.0705421208325,118.4273682480313,536.9419166280123,25.11229692639536
0.0,126.91531082358883,234.60963942570885,118.0834082351166,535.7529099185907,25.00465899705411
0.0,127.22194603489227,235.94550463270002,119.4035693836474,538.9566894037474,25.24741870929982
0.0,126.39410236823971,232.37829488916918,115.45313480680163,529.8453857904103,24.597274779417674
0.0,127.20710101019502,235.95833516955636,119.34998280511056,538.9015698816994,25.253336776995766
0.0,127.0966429880597,235.50614820626473,118.86920330960062,537.7225680820776,25.17596674913353
0.0,126.42198148652298,232.48791554936378,115.7355454208984,530.1335667322818,24.620010135249615
0.0,126.9179406406527,234.7065541492295,117.94513874132988,535.7673752679423,25.02867018774333
0.0,127.0135256609052,235.17734484774678,118.57661768228586,536.8481412101868,25.089357191341602
0.0,127.03934902531682,235.2878947469038,118.67776632415371,537.177054886045,25.1441503738885
0.0,127.23667894616744,236.11323594344523,119.47628446232736,539.2055410673544,25.27488534928323
0.0,126.84100824474623,234.3376873618562,117.64430990358004,534.9186513192557,24.96026053814054
0.0,126.82856704810253,234.2387897865683,117.59445224834516,534.864800144777,24.974797588264632
0.0,126.87393991225574,234.52408278402802,117.75556977965931,535.2264120080227,24.979914788777663
0.0,126.76973723765462,234.12237611059422,117.49931128640013,534.3364280222577,24.94490397449745
0.0,127.0930313854178,235.2969803749176,118.90920021023331,537.4523212726774,25.151206342253094
0.0,127.53559574193117,237.45442257412077,120.87958001932303,542.6376167840416,25.516211290282794
0.0,127.10241785269731,235.55385366647027,118.9510434226401,537.8278781965839,25.165468146826
0.0,126.82554676892612,234.2660465574397,117.67651881078304,534.6602794589375,24.942022929751076
0.0,127.24155273307504,236.25240563308924,119.66058928120401,539.5769138111909,25.308008869851726
0.0,126.78363216698095,234.1044056747516,117.272764721138,534.1285237692766,24.90739474597636
0.0,126.6542460213373,233.59091376661036,117.0111697965566,532.9872174680484,24.829921569914944
0.0,127.30774718902256,236.42522959434103,119.86689401252046,540.0887155806319,25.343605322616664
0.0,126.38390183777803,232.16352604762488,115.69063764984163,529.8352985783066,24.607239278894014
0.0,127.1490415573717,235.7413909740557,119.11458602628815,538.4716007751266,25.22257976994689
0.0,127.08850171661317,235.55981342560312,119.0041124187068,537.945983153887,25.191945195637768
0.0,126.60341226833422,233.26771305925473,116.61621442514362,532.2576067518314,24.786230203133016
0.0,126.90388628166512,234.74185402597098,118.02292119778343,535.6520400997156,25.02555475534864
0.0,126.42593953550185,232.55793847529935,115.75067687712853,530.4204449380337,24.64670350719057
0.0,126.9731966950538,234.87982224619049,118.30099433055703,536.2870744614372,25.06950332110412
0.0,127.15631135292058,235.7858683728601,119.18754491265997,538.4239586763891,25.227842696382112
0.0,126.52004156024049,232.89177835199834,116.26591863511594,531.3738034604622,24.702170828474895
0.0,126.4137549147229,232.35862435683245,115.79610799790603,530.1667696687645,24.624681607593708
0.0,126.88648480486013,234.4462284933134,118.01596696785656,535.2835759941222,24.98828279280376
0.0,126.68702997391242,233.60675790769645,117.03058097679143,533.131322615269,24.84588059859896
0.0,126.68746974149703,233.74161780038673,117.11082325043664,533.2815593560794,24.85484397821367
0.0,126.7311623722575,233.8979638684894,117.16416064982273,533.6890394660014,24.87602972740254
0.0,126.91127459967586,234.7161152044606,118.03304396649604,535.7248861279681,25.023456092922533
0.0,126.91507765479095,234.71507415352704,117.88485005218388,535.6198764456484,25.022069779485154
0.0,126.61310949089095,233.45630703523526,116.5820905645761,532.5145072066668,24.790124880649987
0.0,126.64282694180876,233.23323258997974,116.70019933344638,532.5451350306768,24.807148629220844
0.0,126.90347688346255,234.67507658961824,117.94041536309184,535.6731594176823,25.031458623635395
0.0,126.85038624339437,234.38708590201517,117.65203423108649,534.9701645039836,24.988946904810362
0.0,127.47867042050329,237.20523646875282,120.73185585322608,542.075963991089,25.493065002523643
0.0,126.99338155002705,234.86170825418858,118.42720359868096,536.4814146616266,25.074877074696992
0.0,126.80864342706111,234.26942304131057,117.56391126393952,534.4940693085516,24.914886707969078
0.0,126.8497532835573,234.38841078333695,117.6903499216288,534.8154150213707,24.96798718253465
0.0,126.29763258068773,231.76509110507027,115.23397792715721,528.8164982133964,24.54228621915168
0.0,127.34651121064012,236.68131114849493,120.16273926725538,540.6307113603649,25.37869400040803
0.0,127.02417945503323,235.1725477973096,118.55277575523905,537.0680866355656,25.114237006538893
0.0,126.20793253007331,231.3409889776224,114.53167788392531,527.6051769320933,24.45036086391139
0.0,126.82785734609077,234.34802283947434,117.76600369719573,534.9111213778666,24.961794484424377
0.0,126.58963170710715,232.9256295394257,116.42798380486134,531.6768097523226,24.71769704686404
0.0,127.05911060223092,235.36837514772964,118.79875396882144,537.3663450053508,25.126427932367214
0.0,126.43142935777625,232.19091658544957,115.73364686461889,530.0441070055504,24.634828864231228
0.0,127.52372302775396,237.3534364462751,120.77825643752043,542.3596606084743,25.50877908370991
0.0,127.00942689448647,235.0469224077829,118.47163619352196,536.6170164844399,25.078885921615225
0.0,127.34956293696622,236.5807817748147,120.23005303304392,540.6165801123243,25.37737994504717
0.0,126.96759866106814,234.82486558726862,118.236121072979,536.180276862283,25.05090770306199
0.0,126.8359905806526,234.24426099076254,117.75184882873317,534.9413650285345,24.986967179096183
0.0,126.42638269309751,232.46303070875834,115.88379859088334,530.4018765598352,24.642823818508425
0.0,126.86842979468877,234.472401661327,117.66656408392113,535.2123757241791,24.982872602604196
0.0,126.96852644952673,234.9809908040943,118.39264759011046,536.4131428860769,25.06083909792297
0.0,126.96251436087047,234.8713881379315,118.31960615289677,536.3603594832728,25.067767548416434
0.0,126.8696307220944,234.32379410200917,117.6781093280307,534.8938790451813,24.974476784139735
0.0,127.14917158028615,235.75688983343744,119.25578008154372,538.3358978010551,25.215643466206178
0.0,126.61635069964609,233.04581280945104,116.70813574876641,532.2450704706434,24.783944221280684
0.0,126.82402676792368,234.28831032399938,117.58012232686453,534.558099134145,24.950377272612737
0.0,126.6474703742673,233.33256507762093,116.84546602883107,532.4594045191809,24.802701938137766
0.0,126.82256257098052,234.32496099799525,117.63395927192722,534.636603733567,24.934653379993552
0.0,127.1406846556373,235.6599662826559,119.2082075014616,538.3034493982824,25.20896974388654
0.0,127.0604110360553,235.2573507267154,118.75928561974337,537.3690077438781,25.146316188755183
0.0,127.03448401406047,235.1343892460837,118.69404218383542,537.014660929466,25.103419004668957
0.0,126.35937473683757,232.12220496043443,115.55357091051253,529.5481527461815,24.58145350038123
0.0,126.95716656087039,234.8397681538611,118.20210763829789,536.1810443456562,25.043202632030184
0.0,127.2557178622728,236.19743624254113,119.69744766667907,539.6552143814747,25.307601977323234
0.0,126.59827116946082,233.15248940838777,116.63130290970264,532.1116028962131,24.753222051482663
0.0,126.88097437067891,234.541463547527,117.78872587296017,535.2397249812334,24.983830032370328
0.0,126.48531725488691,232.70592218493016,116.1661684949759,531.0355683292518,24.679135121818657
0.0,126.69145149496826,233.65497051101494,117.16089251288088,533.2552752807671,24.847838845784434
0.0,127.13593354875228,235.618670771888,119.25369120599456,538.2438049761367,25.202903202657094
0.0,127.00252994898328,235.08901248519985,118.418861440319,536.5384825324479,25.087404213828563
0.0,126.34348200683795,232.14654760351596,115.37491143838585,529.4097640119592,24.562193934368995
0.0,126.91226540396252,234.6188725708323,117.83920627817606,535.4997442905116,25.005838573245043
0.0,126.69631357674338,233.6866732506561,116.91592399221531,533.2777664716664,24.848432581008087
0.0,126.88439239729352,234.54437654361678,117.72467173459177,535.3078535910619,25.008252811132735
0.0,127.36053961365629,236.68622204796344,120.1355594591137,540.6840185051035,25.395630645599475
0.0,126.69269626864892,233.6029041010106,117.0100971162166,533.0621783921316,24.82706174739025
0.0,127.03878625789727,235.19324048118798,118.76719625206074,537.2297870657369,25.142593975109264
0.0,127.01470259598734,234.98115320306044,118.48567413380576,536.739362600331,25.089644029659535
0.0,127.53734856953226,237.33135584537862,120.92167054500537,542.5864707942085,25.514727539166753
0.0,126.87142351984465,234.39172604223174,117.87348387555113,535.2034293774046,24.970411324125795
0.0,127.14029578938845,235.67088311462186,119.26915422259226,538.4175241326228,25.221088944756957
0.0,126.77149951890917,234.0064069239856,117.38775572564447,534.1731627691721,24.914679206927694
0.0,127.69116388637258,238.06581767509977,121.50952911224593,544.1811855600549,25.633611800426003
0.0,127.09905593396374,235.47677662739298,118.77352190821433,537.7346429235996,25.177030976910885
0.0,127.19011388228799,235.91410629209668,119.11118922877051,538.7848629124828,25.24780239066412
0.0,127.0156320986402,235.14544029768305,118.63418716931756,536.9429192197155,25.111051971408465
0.0,126.6236885768509,233.45581644323644,116.72880857161076,532.4363923921077,24.790176828957836
0.0,126.56261585194004,233.1080418864663,116.30911828224622,531.698339286843,24.72847436768295
0.0,127.02101981122323,235.17530835339417,118.66072274164269,537.0576664732321,25.120099260817053
0.0,126.55962166625434,233.01579344543484,116.23417376541923,531.6758589592723,24.75789084798141
0.0,127.12045509089566,235.61367816367135,119.02271621212903,537.9760257970048,25.183082201232512
0.0,127.3124322610508,236.40047093829816,119.88408358562991,540.2041793821797,25.33944781762387
0.0,126.77513930981276,233.98287624744236,117.409902957412,533.9122798612426,24.884577953713336
0.0,126.86219466249405,234.34428347596236,117.71259341559377,535.0330689319011,24.979424534952326
0.0,127.07978542253733,235.36234080955938,118.674097787358,537.406598026258,25.14527736613016
0.0,127.05496596192677,235.34843730782632,118.71806560965098,537.1799360422251,25.13414738734927
0.0,126.9747533625437,234.96019298527543,118.52436401713673,536.4913102187147,25.082865406000664
0.0,127.01241337909045,235.0794780249214,118.49865949431414,536.8528358947576,25.111049449347338
0.0,126.79444525964716,234.18044759017468,117.41016613062669,534.4112190179825,24.933530088825332
0.0,126.45360192334272,232.59249822016722,116.0089752949839,530.721336406006,24.646681198227103
0.0,127.20440806217061,236.00459590139818,119.44668353976884,539.0158987172091,25.262195608974935
0.0,127.15307313760916,235.77379765945935,119.1722261904105,538.4291005559962,25.20219610283624
0.0,127.04639166454027,235.25597491888854,118.75917570273201,537.2231056150586,25.137088664246544
0.0,127.133748181326,235.69002785908629,119.16217534270532,538.2426996504388,25.228025617579785
0.0,127.4256541783852,237.00562154439595,120.49512356009902,541.4352135041393,25.42326886775777
0.0,126.99282732799385,235.05722563194783,118.41249473491116,536.585900745897,25.086851759414373
0.0,126.86949260792716,234.58206566563592,117.89983947573266,535.3075358926577,24.992173738490443
0.0,127.36244748629112,236.59206233519686,119.92721583508656,540.506876896515,25.38093051500452
0.0,126.8413817408129,234.2783230139209,117.68168785048378,534.8845188847245,24.978249439008195
0.0,126.90408244177631,234.66686452092137,118.03406590068496,535.4814756250738,25.013571684265397
0.0,126.79098026538887,234.06766853886714,117.58911923779412,534.355279782253,24.929182434776756
0.0,126.89054008958996,234.6385676044765,117.9197449715394,535.4795681396823,25.00115461362269
0.0,127.21403346766303,236.02394684162314,119.40515616914469,539.0800225717459,25.278790197062957
0.0,127.5711208574426,237.52951970385112,120.93494879137735,542.9358952977474,25.560130380730385
0.0,127.03668319738084,235.31666935396618,118.70524840407663,537.2761586586279,25.13405019572535
0.0,126.90643146358515,234.57612599418007,117.88609628718764,535.3986697230724,25.01579425575972
0.0,127.10492285339201,235.44392314678484,118.96298694629083,537.9083361807592,25.19267932047135
0.0,126.65861923793379,233.50984824853379,116.81012103776239,532.8995355142486,24.82453760505019
0.0,126.58735203341116,233.12280881880025,116.71055403609961,532.0076083236042,24.757446134788296
0.0,126.9217312870481,234.76904040509538,118.08298089315578,535.8663052272678,25.022914290628307
0.0,126.87327374310287,234.53071669691795,117.92615770186866,535.4157044294909,25.00505319725872
0.0,126.93908651898533,234.893278160529,118.15445589987426,536.0930125351219,25.056863017294823
0.0,126.71736722119041,233.7937118168007,117.03026095092503,533.5439037414164,24.862951610185245
0.0,126.57156108049807,233.2120802661006,116.47136687317723,531.9987248546389,24.76385835217636
0.0,126.89564123750293,234.660477431826,118.02018073600027,535.6104124001156,25.00294193477926
0.0,126.7636155173202,234.00497518188067,117.33908940344935,534.1018071392417,24.910806705094537
0.0,127.30223162824916,236.36747237373558,119.88709069794062,539.9504644006099,25.32011447619753
0.0,126.75619267236672,233.97282810848282,117.3221268168842,534.0772065201473,24.907675587991445
0.0,127.01617117435987,235.0132084955792,118.57788670358364,536.7750907211406,25.112426166649694
0.0,127.01716405103066,235.11402554742804,118.56289863703499,536.6731394615019,25.098055052256726
0.0,126.87676381065043,234.4708262216003,117.85608034875291,535.1856618639333,24.986051968223226
0.0,127.11837515920934,235.58052059524297,119.08400444496165,538.0712072604852,25.201685662269607
0.0,126.95799795788267,234.84353399915568,118.19426949240469,535.9584219371206,25.025128024656404
0.0,126.78497937656158,234.11593127650062,117.51359673785534,534.3252274988304,24.919765268700242
0.0,127.1837395613565,235.94435957852613,119.36023132250283,538.7790885137701,25.25854103987908
0.0,127.06857819951077,235.38800686275252,118.86178832158447,537.373319406188,25.139777735031117
0.0,127.02133110378523,235.15156732209252,118.34419081135366,536.7940967979558,25.103609389527204
0.0,127.13475536000567,235.5496973846368,118.78801195571153,537.8667473301489,25.174707892053597
0.0,126.99693874618968,235.1143930104546,118.33869959720293,536.6646246262827,25.090952979384454
0.0,126.63759838065023,233.48319390992484,116.52688191853834,532.5810592669416,24.804497184307557
0.0,127.21547129287869,236.06128887121776,119.45235308635465,539.1353705834072,25.277171279874157
0.0,127.10664495342122,235.68332298859931,119.04471906473582,538.1713763586952,25.200205191883487
0.0,127.14003415729023,235.55364147269916,119.17873232758275,538.0719004991225,25.20109849363194
0.0,126.70073980543721,233.73928576254977,116.93756008726336,533.3164211444199,24.853135138268183
0.0,126.83431699935704,234.2564934806944,117.64442406121684,534.5455274572109,24.94716224956037
0.0,126.60338287118178,233.28787129775498,116.60746686298978,532.2835996036065,24.759707705959556
0.0,126.99640856125372,234.93088353673986,118.45143928193511,536.6933210799667,25.092055755738382
0.0,126.86880462117486,234.45582598928814,117.89675501441396,535.2515694626353,24.988888723115664
0.0,126.946525328972,234.9726198447016,118.27672777554969,536.1842342793615,25.06917959507913
0.0,126.84472224491063,234.24000229006893,117.76331395329282,534.861345894057,24.95921196047014
0.0,126.9038154112454,234.64805385433016,117.95700327626412,535.6665975355611,25.017035345636675
0.0,127.11485819544201,235.56433954703334,118.93220305886008,537.9469529397767,25.173133920864718
0.0,127.1534184837916,235.63780035157092,118.9056770986193,538.1058041562703,25.211879648803944
0.0,126.36555786114575,232.28462361817117,115.4202791194068,529.5799007160595,24.58825072167784
0.0,126.75270574537656,233.9024706378477,117.18986051502505,533.7815526873476,24.900636842177402
0.0,126.72478712387016,233.78014718144698,117.15984109220975,533.5234474102351,24.866001304954136
0.0,126.85854114524382,234.21441432418354,117.73865686495346,534.792208505464,24.9647932407351
0.0,127.72410916509627,238.21630164978927,121.74172495390425,544.578453601537,25.662444905430768
0.0,126.59887216085404,233.35368967484732,116.53892846111637,532.260049346084,24.774636134347915
0.0,126.78558917558729,234.00456095134697,117.27711705878563,534.1267303488352,24.901388211347633
0.0,127.11745980505543,235.62658791953555,119.09194583594886,537.896267094643,25.182951054053905
0.0,127.2919926691339,236.40715815426336,119.86248217889795,540.018916895904,25.34155773705452
0.0,126.39976954565833,232.1177401771503,115.75934075760705,529.8929240040719,24.606227460777156
0.0,127.01780610633134,235.20580393681774,118.53561422679917,536.9874772842159,25.12215925163921
0.0,126.81849067839467,234.08785433426513,117.37023346133398,534.4152696726361,24.94338854895925
0.0,127.2503677852087,236.19778865395617,119.53441563433377,539.4923853162118,25.30514741721435
0.0,127.06672067813442,235.21924943951527,118.66079251406656,537.0852506947311,25.12674536349166
0.0,126.6820443550176,233.43042663804079,117.2206434624505,533.0854495844118,24.8323198552534
0.0,127.04507087785709,235.26858488739293,118.76734382582599,537.342077048716,25.151148867965784
0.0,126.89547753195038,234.61543282492514,117.99872277549146,535.4577380290903,25.00195367640415
0.0,126.56194130370325,233.015563880067,116.36609747421693,531.8479709186682,24.762644512862312
0.0,127.19617875277669,235.9352686315218,119.44424501051688,538.7720272063043,25.23441241956324
0.0,126.56193009747804,233.06119391543606,116.45864149127905,531.830014196229,24.731645070124532
0.0,126.57551575225838,233.16268393275686,116.56009099138633,531.9732557447983,24.75533300639369
0.0,127.2743492095023,236.3452749813875,119.76121694810138,539.7531581520038,25.329408414982513
0.0,126.59574526583005,233.27972515058963,116.6400858104018,532.2919978918567,24.778886576268008
0.0,126.65280234995164,233.3934338511009,116.86100950422878,532.5594258473452,24.80487397613902
0.0,127.07143064435702,235.36520887715469,118.73571215255764,537.288334507523,25.15366399855084
0.0,126.97562500474378,234.86591783909734,118.21274719789723,536.1851577342338,25.05017429588808
0.0,126.85447973930536,234.4243946030415,117.79470990432847,535.0723892892864,24.973528038055612
0.0,127.14109311998777,235.59467261832077,119.15656392095886,538.245024258871,25.218840168432386
0.0,126.99338783114187,234.9382065418283,118.33760890834024,536.4213443394464,25.090372433720315
0.0,127.49517350600213,237.25714031003596,120.73615143716992,542.2151947411905,25.496988878536914
0.0,127.05646828689989,235.1917318117679,118.70429183206113,537.2879379600583,25.15595780289358
0.0,126.6270152906395,233.29341119614605,116.60558182017002,532.5077077701682,24.780665798122588
0.0,127.36503991089347,236.5569959281886,119.95171918661838,540.4693464703561,25.377715030599507
0.0,127.09792236543807,235.44067007481124,119.00208008483014,537.9037140143024,25.187082046648023
0.0,127.01416377611757,235.14295757397608,118.4856880430572,536.9143608957723,25.121395251658782
0.0,126.96553834027594,234.8823514827721,118.28203443768133,536.2277848600637,25.064948027608363
0.0,127.2029392023632,235.85258005743628,119.42054251523449,538.9252487725431,25.251856921746505
0.0,126.9399888503798,234.73886486646364,118.1033302410917,535.8707937244232,25.03499322053894
0.0,126.72230303890402,233.66288652696238,117.30142038001553,533.5806359647233,24.87897034815383
0.0,127.10826348541468,235.4275297916341,118.75994263397793,537.6186024303832,25.15657378044087
0.0,126.68980397518219,233.7675964574435,116.92937175052147,533.2731551685381,24.86653002021166
0.0,127.19490899535421,236.01578298335102,119.41780182728463,538.9182064579165,25.264741906494244
0.0,127.03982367803403,235.23797760516825,118.61970639465466,537.2285122433359,25.140543908495115
0.0,126.732566668345,233.84546930803995,117.22756458722812,533.5643931661817,24.86910233802016
0.0,127.16624846033481,235.70824166703812,119.12995721920973,538.4717837970334,25.2249530909811
0.0,127.24829872714272,236.04323915978225,119.47855359272849,539.3837255554871,25.292490525214394
0.0,126.55335109245354,232.91193642074356,116.41369719430185,531.60088184811,24.732763593982085
0.0,126.9041817115339,234.60046360119608,118.0352521449742,535.4689498475016,25.006581094696767
0.0,126.84922623917873,234.37636253418344,117.506729949625,534.7253944303369,24.955150334809296
0.0,126.46634532028293,232.50364278582825,115.89722870818767,530.6716709943337,24.660238855636084
0.0,127.03167726400468,235.2863798531331,118.60762445698963,537.2503183251085,25.13741249279434
0.0,126.84931895278288,234.38015180567038,117.6648753537883,534.7611255727346,24.952644774728558
0.0,126.88750950925731,234.51746992076022,117.88912024891677,535.4331749640193,24.998193252506926
0.0,126.91449585213954,234.6960486902545,117.9754955129665,535.6675199832374,25.033388154181775
0.0,127.16129495060127,235.84757477417838,119.24077980199381,538.4558177256005,25.22774886750636
0.0,127.47171222453628,237.19233644550957,120.7410226153399,541.8666433327226,25.47625618277176
0.0,126.75354007187008,233.9351563297679,117.3423771886224,533.9367752643233,24.909873365625693
0.0,127.2850555040279,236.34666040866531,119.76100322057928,539.7999593859433,25.324121477705184
0.0,126.6955741833518,233.7595192025225,116.93496968707905,533.14259285105,24.853902782934508
0.0,126.18774418274904,231.2827636858504,114.82870327644883,527.8201712695696,24.46561625804553
0.0,127.0805175625845,235.4399831328429,118.86393973222343,537.5727479607099,25.156814688539903
0.0,126.45683438203162,232.5636519764877,115.6502492546685,530.2354820206338,24.634881642973834
0.0,126.88040749686863,234.50071577961359,118.06955348985171,535.4142526283595,24.993284101532314
0.0,126.74933265879525,233.90818303562844,117.32037733272425,533.8829670035896,24.90341215258671
0.0,127.05393759887616,235.35787331019498,118.7089758572951,537.3676025615341,25.128489461031524
0.0,126.711730003794,233.76835884137057,117.10279047397124,533.468745298998,24.868155027255376
0.0,126.97215236697001,234.86534282227012,118.40676955131961,536.3450132690524,25.077866947406225
0.0,126.8816725594456,234.33881159274804,117.79742888027607,535.1793097663561,24.988036163931923
0.0,127.32133778170581,236.435030569996,119.96503904766132,540.2217575427978,25.353225612010572
0.0,126.87284138876885,234.44638879863436,117.82073530114255,535.2738834589762,24.990810051837244
0.0,126.90539880225637,234.5058579985851,117.94197902304506,535.3637872152708,24.991501834750277
0.0,127.45546063948,236.93121022493384,120.5742979594464,541.6141007273292,25.456107702987342
0.0,127.08572497774956,235.4328435763427,118.87284493256023,537.6353788629631,25.142391020954506
0.0,127.00623196897654,235.04355005461744,118.47864419457939,536.6717406101044,25.108284019573848
0.0,127.09212339974076,235.55595862867966,118.81648374107004,537.7421845196857,25.178211404041136
0.0,126.95429299561566,234.77071826368228,118.24375708239299,536.1164004901988,25.045851062772854
0.0,126.76876889698835,233.9087579534319,117.44505941027371,534.0602127850244,24.914902276057784
0.0,126.6425289150636,233.52305419860997,116.73158685977283,532.6370900136245,24.786079607377346
0.0,127.35196797710863,236.60363125276768,120.01324896547594,540.6747194958341,25.361868448933546
0.0,127.09720698355872,235.4446905526312,118.90614616833442,537.8025673604049,25.17096601453271
0.0,127.3546666305856,236.60281303358627,120.10443304223088,540.6356034553572,25.377157757613247
0.0,126.84836273940144,234.29679654704856,117.7928838910148,534.8152640858516,24.959511742292843
0.0,127.0041092591885,235.17830056849184,118.64343444677303,536.872218375117,25.09807676658789
0.0,126.69771257673813,233.6729314971616,117.02993493164135,533.2543653510986,24.855230299540327
0.0,127.15239810325757,235.67504301789566,119.089153355827,538.2968919766007,25.217761648975316
0.0,126.75246436379719,233.99068429919907,117.24385791828662,533.9842610678202,24.88436369129263
0.0,127.21596779517655,235.98397134586654,119.50873350201348,538.994708463865,25.25710875521368
0.0,127.11651001350624,235.57142738483842,118.9150832581745,537.9620761320195,25.208244887114986
0.0,127.3979357082483,236.77895400786804,120.16356387100724,540.9724420373325,25.4067273044671
0.0,126.76022557023111,234.09866778542582,117.39641980401885,534.2409916662398,24.904109599885
0.0,127.08478293845207,235.4290779573881,118.95716745118953,537.703027615827,25.167927094911153
0.0,126.78609823371853,234.0172739328541,117.38500039340144,534.2192440018368,24.92388033181275
0.0,127.13708924829349,235.71532113026237,119.17096214477989,538.2681316379116,25.210249966720088
0.0,126.66256095089715,233.4644119319315,117.04363984147408,533.048742828776,24.817960295181116
0.0,126.78279244205473,233.94151829512074,117.38616984481394,534.1324755028918,24.910701824259863
0.0,126.94231864506936,234.76123506941894,118.29359890595957,536.0880948285735,25.049658421612513
0.0,126.99096019945411,235.05800661819552,118.47016644928676,536.6393019915216,25.077511131741698
0.0,126.86525513249018,234.40641579261802,117.87362969652453,535.1962851920941,24.97521043736839
0.0,126.77981348903191,233.95202720578112,117.37116529636776,534.2888041969337,24.942076964398108
0.0,126.74557336680395,233.83292045134164,117.40157320994716,533.9371805168394,24.896614446869823
0.0,126.97244613381449,234.9789380132601,118.4737347942388,536.4561156240295,25.062620083169882
0.0,126.57686791893065,233.04418253885385,116.56693451271843,531.9521781535242,24.749338559204265
0.0,126.43768148479994,232.2998146551223,115.85412495573398,530.3491199196684,24.647723178554678
0.0,127.01303130774643,235.2213952560987,118.67615986215439,537.0085599114701,25.10151064508285
0.0,126.91051609429744,234.6746508440359,117.87365203048518,535.5742075878145,25.010775251594147
0.0,127.01717274992694,235.1057507825449,118.63991879865978,536.9205516980999,25.119480740704073
0.0,126.57875064152124,233.1675467915556,116.41043875425683,531.8104784781882,24.739103789096095
0.0,127.38353888138954,236.74406437241737,120.19144162955439,540.7888647338965,25.39503289660781
0.0,126.67474564843107,233.46997146531953,116.99915579371108,532.9401909819115,24.82819947377012
0.0,126.81181371902375,234.14138824809797,117.5314492196687,534.4565397457037,24.935548240088714
0.0,126.41893211401587,232.5108912118793,115.62600384624668,530.1076518662562,24.60548216095728
0.0,126.91128400215935,234.73633234795173,117.98186504545797,535.7181950369851,25.032993246569777
0.0,127.16333200184592,235.78256041343104,119.01241839039834,538.4017203636355,25.215242068900302
0.0,126.40872145189851,232.36498179538486,115.56081966601151,530.038792463767,24.617182966239916
0.0,127.36597944286204,236.71215223996288,120.20710073267236,540.8552660025373,25.392762549484008
0.0,126.48507698625457,232.73632327139433,116.02865349326716,530.9915803377031,24.6713229452072
0.0,126.77336355806148,233.86852914075135,117.3278596901432,534.1324447834129,24.93928734436759
0.0,126.69655250216378,233.6969256473397,116.88099082241834,533.0813788577802,24.826324803179393
0.0,126.89822983714942,234.65750739805054,118.10190833111145,535.6549457163707,25.02657884544586
0.0,126.44292510272453,232.524962092059,115.72330561888371,530.4185539994342,24.628307941907675
0.0,127.09619581362077,235.4660767423386,118.88648346246943,537.7749008366018,25.165718261473376
0.0,126.93369026101597,234.7968111941579,118.21755414472723,535.8476441870347,25.048206801145138
0.0,126.611662966779,233.3948936310761,116.700915037937,532.4312413038512,24.779228797407928
0.0,127.28875360951783,236.27939034325357,119.86844280201383,539.945069858685,25.328126879857
0.0,127.2459887608197,235.98383282577277,119.61356673851206,539.3461876473007,25.29192976645259
0.0,126.79596490245974,234.22144812330822,117.67707631167397,534.60514346204,24.948800118090606
0.0,126.84472843647798,234.42695354675104,117.84446414484434,535.0834131936961,24.970712700178193
0.0,126.8933955918424,234.69301935539312,117.94931066863595,535.5713196690324,25.00928242720942
0.0,126.95064677648357,234.68891501859486,118.11756325014566,536.0012057538754,25.05240808337782
0.0,126.94323333401356,234.82496925099895,118.12779254336928,536.0772150970811,25.06952569158127
0.0,126.9193795788154,234.61801723188722,117.97761967051932,535.5861011340515,25.005607025478565
0.0,126.56680738952915,232.9471020778517,116.40227741616356,531.6518094202904,24.726273305474173
0.0,126.98155131972418,234.9801794882836,118.5222674519201,536.683732573782,25.100800079991018
0.0,126.47264613554083,232.64002645613513,115.80484526947548,530.6656519908714,24.671856268865035
0.0,126.65329727877267,233.57313023104132,116.76677636124212,532.6766571340368,24.79609242585406
0.0,126.62948191385061,233.3734821478712,116.8331885700625,532.6733095022106,24.807173337218064
0.0,126.88805333099246,234.6009826554527,117.78515323084103,535.4650286894802,25.000081599640513
0.0,127.16172229667369,235.774819358321,119.1961351758809,538.3381567978604,25.201047293740604
0.0,126.51370346765351,232.87350750636082,116.30278516259185,531.3072925513395,24.689879122724303
0.0,126.59933522357119,233.13736729197348,116.61094208380719,532.2060704015948,24.75745385475589
0.0,126.64262736610154,233.3966701739128,116.84257889794942,532.741183147559,24.806138974335276
0.0,127.24395987118656,236.16947351713952,119.50295313374957,539.2170202243685,25.285760640899415
0.0,126.77423122179576,233.88419900002012,117.47278620255526,534.1119832363948,24.910881146906906
0.0,126.92954745003854,234.825422383724,118.221500640385,535.9856388198398,25.04252557139267
0.0,126.83278882075247,234.32747744636558,117.78716549242395,534.7195154271225,24.970675679191487
0.0,126.82175378470234,234.10546554019953,117.65520288295556,534.8124456635956,24.96246655220104
0.0,126.87327722905762,234.4789970964131,117.94182867873786,535.4038562070751,25.010541991696744
0.0,126.4620604486537,232.43216539890798,115.94854163298959,530.375009461908,24.65496208862151
0.0,126.99401051860582,234.794560242634,118.36716685922765,536.393665729291,25.089221594673038
0.0,126.53130504465801,233.01083156287623,116.31001118833848,531.4621843363627,24.709670084965545
0.0,126.8711011233974,234.37494004372695,117.7673147289562,535.1677176595017,25.005708656340158
0.0,127.21724939844897,236.0616550893742,119.52545558857463,539.1117947143285,25.257223334706183
0.0,126.22648538255635,231.36405076251648,115.00066188188313,528.1006368020977,24.480514749773356
0.0,127.14314211942232,235.7712266631436,119.12022911137123,538.3792748562704,25.199740907085932
0.0,127.00052278100587,235.08755179986454,118.49092889068204,536.4495369073461,25.07766868879617
0.0,126.96762846758041,234.97091720188223,118.1523954082447,536.2510913761474,25.078344170582405
0.0,127.01325446002109,235.19051297074668,118.57268023329569,536.8433544391221,25.102808604362536
0.0,126.99249139708738,235.03699581341544,118.29268835886549,536.4399996242736,25.068929870018433
0.0,126.76831993160017,233.96299915154256,117.5091363066653,533.9493504664434,24.89723632973097
0.0,126.81829170713281,234.23520461719667,117.63370981006813,534.6291027850349,24.94477962970729
0.0,127.31083197115456,236.55658240496746,119.99581897717499,540.2070755024151,25.346661322538374
0.0,126.8649374820584,234.43766452246652,117.64708762632539,534.964638019379,24.982057525759807
0.0,126.65620699561696,233.4493068476039,116.8702013708452,532.8057872907159,24.80095594392592
0.0,126.71899703616405,233.85446974732778,117.248553011553,533.4975111772653,24.850619920538737
0.0,127.03956071551637,235.10184200352606,118.5958329173546,536.8858851619036,25.114316072129995
0.0,127.46638983043034,237.10369603419198,120.66279517592372,541.7847180078198,25.45294610457129
0.0,126.88752698380485,234.64353916307104,117.98824351153368,535.5157492109341,24.9968021615066
0.0,126.82171810323696,234.12808335913945,117.67394260255851,534.4411506537095,24.938320523512058
0.0,127.17741835486233,235.86358335129086,119.31358919218351,538.7669653268388,25.24191585898454
0.0,126.51449168999675,232.79611811805245,116.0697136035097,531.140246212423,24.702936243270102
0.0,126.62097436770057,233.22386850715324,116.7534218966956,532.2932138652326,24.769369230027664
0.0,127.20462353894854,236.00665310586282,119.366782014513,538.8802547360477,25.247697079233642
0.0,126.85315475028773,234.25908094324677,117.73883836372221,535.0451108237245,24.966152083185527
0.0,127.32537616755035,236.55841915425017,120.09846993128141,540.4197446559187,25.3624603746296
0.0,126.52860224641282,232.92733795391564,116.18624599055042,531.4090987747502,24.716392526124512
0.0,127.16552737300292,235.77628151486644,119.25436065939705,538.5248670564836,25.22233734451027
0.0,127.22112357983367,236.13024856489758,119.59531960996001,539.3473928292905,25.264727102200474
0.0,126.59286815705433,233.14025493798073,116.42205179183175,532.1188144197723,24.77051853123279
0.0,126.28901934294787,231.53383090314549,115.14881078902397,528.2692886114826,24.49055489057894
0.0,127.26826648069124,236.17329164697932,119.78477356586869,539.6468719206614,25.304315137042433
0.0,127.07626016923354,235.3109989705521,118.9228424718929,537.5640627654768,25.170938989519982
0.0,126.83793250690789,234.2595165346201,117.57521614939925,534.7063043605672,24.96234465770604
0.0,127.03580993053394,235.04451754504367,118.46128386561897,536.578886344989,25.08039809205421
0.0,126.50458236788063,232.8007258350608,116.14664442929191,531.1475417649078,24.70189787174544
0.0,127.30708402610591,236.4801512271444,119.91922649676106,540.0723742567359,25.332637555425823
0.0,126.79836787021804,234.18959348121948,117.41201982108906,534.3831868820214,24.935737958548696
0.0,127.11205351777035,235.65720425536114,118.9936488167923,537.9893268277482,25.18336483611523
0.0,127.42293695020618,236.91010763927463,120.30170648528085,541.3031177306988,25.43329125161266
0.0,126.88432221766851,234.5647788332463,117.87711023225916,535.3983157656113,25.0155500464262
0.0,126.52536543827578,232.93019776010013,116.21876378491032,531.3484137752228,24.707967611686563
0.0,126.94408157874113,234.9203286224699,118.27826378662506,536.3078819802909,25.0666826930497
0.0,126.93910106405163,234.72673224906674,118.34234246407934,536.2067917293707,25.049301303908297
0.0,127.46665069497888,237.09349715277745,120.5069945973256,541.7830224652496,25.457891722909434
0.0,126.9169915910682,234.64649380572496,118.33657510040008,535.8388384160486,25.03154588079902
0.0,127.01031986177493,235.12458419630838,118.57335059136494,536.7748153249696,25.10611420631757
0.0,126.5735000900646,233.08414688736434,116.46903486843628,531.9207638533017,24.73748665580419
0.0,127.20452467855078,235.90087422804038,119.36078135989298,538.8841632321763,25.24979666436504
0.0,126.99454919775816,234.96389647389384,118.39542446473071,536.5732808674387,25.080379473911908
0.0,126.30248032207648,231.85540235843405,115.09957407443659,528.7776918137554,24.525615682165977
0.0,127.2820950137728,236.31181513585904,119.84900671517227,539.7797636667341,25.31164043282901
0.0,127.31125176965519,236.485897094956,119.98008772688289,540.2022927601345,25.345260081779855
0.0,126.76636678632718,233.9945739807785,117.40524024838855,533.96685981399,24.887129144133755
0.0,126.77695862000793,234.17009887166523,117.60007661813464,534.3660634704099,24.92357605949097
0.0,127.0734849398843,235.26407958924477,118.87384854724726,537.4443218340542,25.156277920115652
0.0,126.8967740896489,234.46550796667626,117.88378141457346,535.3405755194988,25.021976073636775
0.0,127.22365301419295,236.07411284421343,119.43238369845797,539.2285206763845,25.286133126772857
0.0,127.36852090216617,236.74806244257508,120.17660102368765,540.8593943551703,25.399518474592735
0.0,127.04138500199193,235.033050819993,118.54150598215793,536.8731654271534,25.12269109896858
0.0,126.84449636143839,234.3202850960551,117.75012368576326,534.9614253518206,24.967461130307118
0.0,127.13467530457488,235.70085347602318,119.08618152551993,538.2906136921039,25.2010546343738
0.0,126.86348758712414,234.29892357741016,117.69014801131627,535.0635266836674,25.00092766913038
0.0,126.82031269100432,234.23534245827037,117.52644153576587,534.5791937038665,24.951002507969772
0.0,126.44046316156644,232.52568422990083,115.88300734671826,530.4884082238286,24.62978896591697
0.0,127.22224890999287,235.9791023193022,119.3950306864318,538.9617604918624,25.254189233656696
0.0,126.85316953841141,234.47251358646815,117.85034651428546,535.1079907911669,24.973227307896916
0.0,127.17186467245521,235.81568618108625,119.11098477408272,538.4011448230481,25.24011080138183
0.0,126.7224138091142,233.81649618663158,117.24332095615823,533.6145787226598,24.86435759774987
0.0,126.80685889486139,234.12039594661474,117.48826558796716,534.510959842053,24.935039696194067
0.0,127.11784150750735,235.6960245116428,118.98738128547805,538.1276905259549,25.206963454512284
0.0,126.84944174793792,234.16473761213692,117.88027696171136,534.8030620498598,24.95194887039856
0.0,127.01308976944645,235.0864789481578,118.455944974734,536.6431753796743,25.08534799584581
0.0,126.60899752261784,233.20527631526878,116.86107028652671,532.4648012193832,24.799281520887764
0.0,126.83050996897427,234.13845997405667,117.3841131980181,534.440406335845,24.93666730219102
0.0,126.82971659125575,234.32038530810007,117.44038431862398,534.6931471430281,24.958245098605484
0.0,127.17088604662335,235.78437792381183,119.15016091579727,538.3548428705682,25.199421261468785
0.0,127.02970056774926,235.11423366707874,118.55176659946811,536.8903458892256,25.106334507331788
0.0,126.97458106043482,234.90449398766472,118.13074514950769,536.2199690188878,25.05781442897201
0.0,127.08973844381477,235.5180199667857,118.90958616368985,537.6417049173288,25.148354957355664
0.0,126.86427893083602,234.34554667962803,117.87365163469347,535.2359327443035,25.004343913702012
0.0,126.78367032059589,234.1188785065188,117.54576732393978,534.3516910708632,24.900355386306995
0.0,127.31445485677662,236.41402078374603,119.91941602444732,540.166587373178,25.35344870164522
0.0,126.67631403384596,233.63018673122957,116.83035990327024,532.9186637495535,24.82055870504477
0.0,127.16864533886572,235.84196810548067,119.29733888933778,538.6288459456114,25.235968674810543
0.0,127.01172880153794,235.0393477125894,118.53723550271668,536.8679432596343,25.106043301542147
0.0,126.9852234948277,234.97802235469902,118.32260557554002,536.4773139349419,25.080752000794472
0.0,126.6152445838137,233.41411408627806,116.73252454686971,532.4922045772526,24.797275846650365
0.0,126.95112748005067,234.88653288834803,118.25448168066778,536.1846673736534,25.061655282013707
0.0,127.21739671681603,236.04334259717254,119.42364801005536,539.0100207211907,25.246226410028164
0.0,127.01043563385046,235.03733045713872,118.49409115334213,536.7987733529982,25.1041772223629
0.0,127.1873703783252,235.89452946452926,119.38701104176984,538.6611389524256,25.25332463829506
0.0,126.93464870029146,234.82078886395308,118.0879101961651,536.1258718738741,25.061181708649563
0.0,126.46112935973152,232.7350451292872,116.02374692001018,530.7302426088245,24.672880246187166
0.0,126.73383558785909,233.84549979321173,117.20752494630335,533.6692384237499,24.86000072690067
0.0,126.68803621873998,233.6623317675672,117.00296992531351,533.194134021439,24.840930438500333
0.0,127.18774936876827,235.81693557801054,119.29993392593926,538.6111290797118,25.244630252903193
0.0,126.17973480192117,231.20213752205004,114.70468228413435,527.5478709313539,24.44832160320142
0.0,126.91118358107725,234.54323850598357,118.06512446756075,535.5993464812431,25.017561103111127
0.0,127.27222882794827,236.35684729405867,119.71486951297919,539.7441820210039,25.32195742623083
0.0,126.88919747891111,234.44263517570099,118.06434464481352,535.3576457655486,24.983355433778083
0.0,126.82403459053408,234.3362660030998,117.53312675455037,534.6681500484117,24.962444504670742
0.0,126.95443812646616,234.74053287925958,118.13751047370671,536.012280593627,25.0496672795833
0.0,126.81223495987814,234.1057558212784,117.58849094672921,534.3582055428286,24.940306103278687
0.0,127.22888980092546,235.99386715799093,119.38816200405543,539.0682585221409,25.26172281478415
0.0,126.73637946494468,233.95987059487385,117.24535128280552,533.7443652833788,24.867958706326426
0.0,126.66143935614636,233.53469922301338,117.0713035332491,532.9975811554617,24.831075535907928
0.0,126.97594699183121,234.76534280131756,118.31514049160202,536.1528655907305,25.04263022667716
0.0,126.79285295546562,234.02865037652828,117.63279123405654,534.5054427819255,24.93566581324727
0.0,127.18485639729933,235.88864077616347,119.31013720999351,538.6651055781534,25.231589310456823
0.0,127.07994924322233,235.26562085162809,118.81023769559133,537.4726300856121,25.149444159689544
0.0,127.03078590857054,235.27731663278155,118.64612300330083,537.1360910725125,25.131061430262466
0.0,126.56408949614041,232.97284536957753,116.51051864543093,531.8679965656339,24.757288485463295
0.0,126.61315661844081,233.2561733961318,116.62793641852147,532.3397599908067,24.786732728938716
0.0,127.33403883548911,236.52545521971106,119.93779726984656,540.3401364574205,25.36802449257616
0.0,126.8707341451067,234.56317589320685,117.9283443379696,535.2646458886645,24.979171836730135
0.0,126.87402790542939,234.4549147443575,117.97496690487021,535.3469289120422,24.986410100903264
0.0,127.08372031710108,235.2952902939695,118.75596458806689,537.4817495262182,25.145472938642595
0.0,126.77436925281178,233.86086413588887,117.40689494043453,534.1423857362648,24.91114163942573
0.0,127.38822968445533,236.78559029732818,120.21512603150158,541.0706022111225,25.41000016063661
0.0,126.5214299040873,232.7606567477049,116.3027340489199,531.322958190586,24.713016203935112
0.0,126.67504477533076,233.70010220223946,117.02153300873155,533.0731704979238,24.83783999091445
0.0,127.46971372987016,237.15254541687133,120.66965549013256,541.9268937991067,25.46016079875039
0.0,126.77875958256783,234.11715028727687,117.50322668413801,534.3256139023921,24.92747043200258
0.0,127.07775520248477,235.39271960153133,118.84550296290179,537.3975312476156,25.13597746051763
0.0,126.30660600390372,231.91924405152474,115.22866142677455,528.7918322704453,24.531735391724713
0.0,127.24952020569083,236.11189850025218,119.48318752204062,539.3526060759305,25.28274368166377
0.0,126.86870874142832,234.34501381863,117.81645046011649,535.2113499669673,24.99500596187468
0.0,126.80286851605071,234.17958868637422,117.7506995061561,534.6369240938463,24.94243645550538
0.0,127.16721997353973,235.76366668005156,119.05940700808678,538.3155415060221,25.21051913010557
0.0,127.15302079072151,235.69038819240214,119.12503899836821,538.2045349785527,25.2023608980011
0.0,127.21262337657551,235.9527239740582,119.54769591620595,539.189157153455,25.2832134821885
0.0,127.27758161702121,236.37221080210696,119.8460188270302,539.9320776054667,25.307672554025665
0.0,127.2583216466103,235.98674287944223,119.54119452853419,539.2596965589187,25.292155275625557
0.0,127.19644071747976,236.06085429837452,119.45431372539056,539.0243344155975,25.27236111467264
0.0,126.41452474145898,232.30021618232223,115.77293371492821,530.123907722375,24.61714878513505
0.0,127.0174668237913,235.19054081056944,118.39157216749933,536.8186715177237,25.126781328493426
0.0,126.63297608139268,233.13413809887226,116.7968261681387,532.4662252506813,24.80217279741058
0.0,126.82651019727447,234.07722560485533,117.62147334401212,534.5354090939729,24.95123517836102
0.0,127.56202953859699,237.48536755565905,121.08381532542568,542.8987786852708,25.54517931530557
0.0,126.70104444590204,233.67503333304947,116.95186807057507,533.2975959312342,24.851033528311287
0.0,127.183867128112,235.79720257582758,119.18203436125727,538.5587779078887,25.230055364172983
0.0,127.55996902591737,237.5597139155347,121.04992515159063,542.9260811796523,25.53974035720551
0.0,127.13978882283006,235.6236912199274,119.00545019467835,538.0177484608017,25.198125496177237
0.0,126.7756226422375,234.03959793415228,117.30767561351601,534.1230743351681,24.922692243665516
0.0,127.16348453955074,235.89820567917494,119.34625897055912,538.6555320360239,25.234276187253258
0.0,127.41454246412283,236.83908666700978,120.20590227538187,541.0441181354562,25.413725388453145
0.0,126.74773753706678,233.7933863044827,117.3113315697896,533.7874957194523,24.87862198589759
0.0,126.84439130307703,234.1969956487308,117.7331813693877,534.6408562590816,24.941754694197027
0.0,127.38958763333513,236.61879422355602,120.28604851299632,540.8694323585537,25.395233718288118
0.0,126.4526021387249,232.49009588280066,115.81725277409082,530.4099885166432,24.64286827239886
0.0,127.2908860671867,236.3203533605284,119.81085397773012,539.8372480850555,25.30951361763926
0.0,127.09712314154955,235.47660144021555,118.9611709408532,537.8333199328371,25.193813284264092
0.0,126.54093019430053,233.13129345746927,116.25817593156592,531.6537207905809,24.725647096150443
0.0,126.90622811409204,234.59070144285496,117.9806517177076,535.5473272524538,25.01823777416196
0.0,127.21744328149613,236.02017013200745,119.41951255212805,539.1348174889027,25.264593043374063
0.0,127.05682363681306,235.12325105357576,118.7054397410964,537.1237560866449,25.12469566595963
0.0,127.03908230180579,235.26943728391774,118.74715777024026,537.1913303070027,25.13483107096031
0.0,127.49520180300004,237.23518464883193,120.56401325538373,542.1204302568658,25.49668606716518
0.0,127.13175252659367,235.6594825940278,118.8807997804655,538.0234382550481,25.187661587588625
0.0,126.77151655851188,234.056181867602,117.23247371899578,534.0235055257906,24.897281624308444
0.0,127.35180136765982,236.68435429009764,120.14144793505545,540.6050882934172,25.370568165511532
0.0,126.84250508813544,234.4724507205269,117.72887023648391,535.0244359669763,24.97420372488747
0.0,126.88579577551954,234.5968256945992,117.72862360170843,535.3505418680792,25.010198929869784
0.0,126.83975710679955,234.3185511617276,117.41678393760215,534.6409002879365,24.945694056280754
0.0,126.93969753969428,234.8257255661842,118.09468795953207,536.0034595708154,25.049932044740235
0.0,127.16817408895207,235.69232339959464,119.16290156394703,538.4004524477216,25.21501945087058
0.0,127.05387292002379,235.22003438671334,118.79229216032044,537.4199669707907,25.13627762680087
0.0,127.04490304032879,235.18454959017348,118.77242443435094,537.1923176468803,25.120211523294046
0.0,126.83022271031138,234.38476784067458,117.8075688941988,534.9113164861257,24.95372910722896
0.0,126.84946568269518,234.22893782782327,117.81997967823114,535.0511870934752,24.984810704057494
0.0,126.85248627848584,234.26825495703937,117.95893015992155,535.2279514352088,25.002049689015752
0.0,126.98522002806168,234.81511904638907,118.41281023744376,536.5348891447909,25.078340459256683
0.0,126.938364101234,234.65421075562261,118.15923593286817,535.9157864659521,25.021725220825168
0.0,127.3355271654732,236.51858919512804,120.0493494663727,540.4946662274143,25.38111308762464
0.0,127.37109403568677,236.7293074556294,120.0795067589887,540.761644541819,25.392208803282415
0.0,126.43394807202509,232.41806826328568,115.96625037173601,530.3143048940005,24.634764643943015
0.0,127.44908844210259,237.06392107569536,120.51481295363344,541.5929703302061,25.444657463452447
0.0,127.00164069151822,235.02189372809315,118.35548060018684,536.5517116206179,25.07461666675949
0.0,127.38710599173544,236.7761621036903,120.26063416203705,540.9665813075318,25.408902879505302
0.0,126.6169016212157,233.38121641278056,116.62854701204289,532.4753891517979,24.78669723554188
0.0,127.03946333904798,235.18022264796303,118.51919407276921,536.9621189659383,25.126992874059663
0.0,126.56960098890055,233.16198680548752,116.44177590195308,531.8188885650204,24.737754117311024
0.0,126.62042541617512,233.4609478544719,116.65694506706046,532.4249982712153,24.79769489838413
0.0,126.6030989033881,233.3070813413159,116.55549341836962,532.1547914618859,24.784421280420368
0.0,127.13362974841161,235.68680183474538,119.04845895712224,538.2306737298667,25.195030558092274
0.0,127.27449483926009,236.17950513327742,119.65682835531541,539.6925859584314,25.321434805954365
0.0,126.7145249719623,233.90083066292206,117.14063832457978,533.5841053233837,24.876053164116914
0.0,127.08128616124111,235.30802678654646,118.68317894537964,537.53473638262,25.16723184672714
0.0,126.67692181805377,233.6185722627292,116.87405632553516,532.912826760802,24.82351536036355
0.0,127.42217165201316,236.81908771530036,120.38975747487873,541.2016735223175,25.421459709242658
0.0,125.84194371323699,229.75803476215685,113.19194104716351,523.7428149859696,24.185196442148406
